{"cameraMode":{"drawMode":0,"name":"Shaded","section":"Shading Mode"},"sceneLighting":true,"audioPlay":false,"sceneViewState":{"m_AlwaysRefresh":false,"showFog":true,"showSkybox":true,"showFlares":true,"showImageEffects":true,"showParticleSystems":true,"showVisualEffectGraphs":true,"m_FxEnabled":true},"in2DMode":false,"pivot":{"x":-0.8887025117874146,"y":5.253227710723877,"z":34.672122955322269},"rotation":{"x":0.017906229943037034,"y":-0.9299988746643066,"z":0.3539538085460663,"w":0.11470749974250794},"size":0.8660253882408142,"orthographic":false}