{"cameraMode":{"drawMode":0,"name":"Shaded","section":"Shading Mode"},"sceneLighting":false,"audioPlay":false,"sceneViewState":{"m_AlwaysRefresh":false,"showFog":true,"showSkybox":true,"showFlares":true,"showImageEffects":true,"showParticleSystems":true,"showVisualEffectGraphs":true,"m_FxEnabled":true},"in2DMode":false,"pivot":{"x":-8.272367477416993,"y":33.15830993652344,"z":53.91377639770508},"rotation":{"x":0.011266103945672512,"y":0.9838805198669434,"z":0.06530100852251053,"w":-0.16712704300880433},"size":7.8985395431518559,"orthographic":false}