{"cameraMode":{"drawMode":0,"name":"Shaded","section":"Shading Mode"},"sceneLighting":true,"audioPlay":false,"sceneViewState":{"m_AlwaysRefresh":false,"showFog":true,"showSkybox":true,"showFlares":true,"showImageEffects":true,"showParticleSystems":true,"showVisualEffectGraphs":true,"m_FxEnabled":true},"in2DMode":false,"pivot":{"x":3.11490797996521,"y":1.8320181369781495,"z":14.396150588989258},"rotation":{"x":-0.012130492366850376,"y":-0.9778571128845215,"z":-0.0010006082011386753,"w":0.21599669754505158},"size":0.8660253882408142,"orthographic":false}