{"cameraMode":{"drawMode":0,"name":"Shaded","section":"Shading Mode"},"sceneLighting":false,"audioPlay":false,"sceneViewState":{"m_AlwaysRefresh":false,"showFog":false,"showSkybox":false,"showFlares":false,"showImageEffects":false,"showParticleSystems":false,"showVisualEffectGraphs":true,"m_FxEnabled":true},"in2DMode":false,"pivot":{"x":-0.0000559687614440918,"y":0.8258010149002075,"z":0.006891608238220215},"rotation":{"x":-0.15441635251045228,"y":-0.8242031335830689,"z":0.2143847793340683,"w":-0.5033438801765442},"size":1.3548650741577149,"orthographic":false}