{"cameraMode":{"drawMode":0,"name":"Shaded","section":"Shading Mode"},"sceneLighting":true,"audioPlay":false,"sceneViewState":{"m_AlwaysRefresh":false,"showFog":true,"showSkybox":true,"showFlares":true,"showImageEffects":true,"showParticleSystems":true,"showVisualEffectGraphs":true,"m_FxEnabled":true},"in2DMode":false,"pivot":{"x":-5.385108947753906,"y":2.5908126831054689,"z":42.97705841064453},"rotation":{"x":0.012158071622252465,"y":0.9730402231216431,"z":0.01588413678109646,"w":0.23458898067474366},"size":0.8660253882408142,"orthographic":false}