{"cameraMode":{"drawMode":0,"name":"Shaded","section":"Shading Mode"},"sceneLighting":true,"audioPlay":false,"sceneViewState":{"m_AlwaysRefresh":false,"showFog":true,"showSkybox":true,"showFlares":true,"showImageEffects":true,"showParticleSystems":true,"showVisualEffectGraphs":true,"m_FxEnabled":true},"in2DMode":false,"pivot":{"x":-4.036552429199219,"y":1.7574111223220826,"z":42.09673309326172},"rotation":{"x":-0.002514434279873967,"y":-0.048769477754831317,"z":0.00873510167002678,"w":0.9997314214706421},"size":1.4361406564712525,"orthographic":false}