{"cameraMode":{"drawMode":0,"name":"Shaded","section":"Shading Mode"},"sceneLighting":false,"audioPlay":false,"sceneViewState":{"m_AlwaysRefresh":false,"showFog":true,"showSkybox":true,"showFlares":true,"showImageEffects":true,"showParticleSystems":true,"showVisualEffectGraphs":true,"m_FxEnabled":true},"in2DMode":false,"pivot":{"x":1.5107449293136597,"y":1.997780203819275,"z":3.079164743423462},"rotation":{"x":0.02204899862408638,"y":-0.46431416273117068,"z":0.011559201404452324,"w":0.8853554725646973},"size":1.7361407279968262,"orthographic":false}