{"cameraMode":{"drawMode":0,"name":"Shaded","section":"Shading Mode"},"sceneLighting":false,"audioPlay":false,"sceneViewState":{"m_AlwaysRefresh":false,"showFog":true,"showSkybox":true,"showFlares":true,"showImageEffects":true,"showParticleSystems":true,"showVisualEffectGraphs":true,"m_FxEnabled":true},"in2DMode":false,"pivot":{"x":-1.0494767427444459,"y":-14.079261779785157,"z":28.194801330566408},"rotation":{"x":-0.4319128096103668,"y":0.047863490879535678,"z":-0.022446414455771447,"w":-0.9009446501731873},"size":11.29784870147705,"orthographic":false}