{"cameraMode":{"drawMode":0,"name":"Shaded","section":"Shading Mode"},"sceneLighting":true,"audioPlay":false,"sceneViewState":{"m_AlwaysRefresh":false,"showFog":true,"showSkybox":true,"showFlares":true,"showImageEffects":true,"showParticleSystems":true,"showVisualEffectGraphs":true,"m_FxEnabled":true},"in2DMode":false,"pivot":{"x":4.230312824249268,"y":-3.3104872703552248,"z":43.248313903808597},"rotation":{"x":-0.12152312695980072,"y":-0.006794302258640528,"z":0.0009503198671154678,"w":-0.9927216172218323},"size":15.159379959106446,"orthographic":false}