{"cameraMode":{"drawMode":0,"name":"Shaded","section":"Shading Mode"},"sceneLighting":false,"audioPlay":false,"sceneViewState":{"m_AlwaysRefresh":false,"showFog":true,"showSkybox":true,"showFlares":true,"showImageEffects":true,"showParticleSystems":true,"showVisualEffectGraphs":true,"m_FxEnabled":true},"in2DMode":false,"pivot":{"x":30.212411880493165,"y":-0.8945510387420654,"z":15.278631210327149},"rotation":{"x":-0.03997216746211052,"y":-0.7996786832809448,"z":0.05286332964897156,"w":-0.5971837639808655},"size":15.159379959106446,"orthographic":false}